n,lane,seq,simd
5,8,2.0166e-06,5.85133e-07
6,8,2.84397e-06,9.92966e-07
7,8,5.91789e-06,1.11918e-06
8,8,1.20114e-05,1.83048e-06
9,8,2.1837e-05,3.33969e-06
10,8,3.84921e-05,5.79628e-06
11,8,7.00053e-05,1.23159e-05
12,8,0.000138426,2.4808e-05
13,8,0.000272708,4.69428e-05
14,8,0.00051746,9.36766e-05
15,8,0.00101429,0.00019564
