n,lane,seq,simd
5,8,1.11987e-06,8.345e-07
6,8,1.9541e-06,4.8369e-07
7,8,3.81454e-06,7.28179e-07
8,8,7.59985e-06,1.53156e-06
9,8,1.47937e-05,2.20992e-06
10,8,2.8695e-05,4.40368e-06
11,8,5.70806e-05,7.83758e-06
12,8,0.000112879,1.55198e-05
13,8,0.000224951,2.99467e-05
14,8,0.000447112,5.9161e-05
15,8,0.000896939,0.000116409
16,8,0.00178219,0.00025861
17,8,0.00356772,0.000487725
18,8,0.00714289,0.000946656
19,8,0.014467,0.00186578
20,8,0.0287188,0.00370612
