n,lane,seq,simd
5,2,1.40497e-06,1.0243e-06
6,2,1.884e-06,1.85548e-06
7,2,3.66964e-06,3.63007e-06
8,2,7.30878e-06,7.19981e-06
9,2,1.51618e-05,1.43237e-05
10,2,2.90203e-05,2.8592e-05
11,2,5.82086e-05,5.7023e-05
12,2,0.000116343,0.000114334
13,2,0.000232087,0.000228464
14,2,0.000464551,0.000463244
15,2,0.000931347,0.000924503
16,2,0.00186077,0.00184981
17,2,0.00371937,0.00370429
18,2,0.00743924,0.00741192
19,2,0.0148808,0.0148301
20,2,0.0297551,0.0296822
