n,lane,seq,simd
5,16,8.47433e-07,3.716e-07
6,16,1.09545e-06,7.51483e-07
7,16,2.51146e-06,6.28393e-07
8,16,4.98904e-06,9.2163e-07
9,16,9.84231e-06,1.48631e-06
10,16,1.7477e-05,2.73104e-06
11,16,3.16187e-05,5.12754e-06
12,16,6.03584e-05,1.03313e-05
13,16,0.000120935,2.01095e-05
14,16,0.000229736,3.80967e-05
15,16,0.000451803,0.000105585
