n,lane,seq,simd
5,4,6.19267e-07,5.963e-07
6,4,9.13069e-07,1.09045e-06
7,4,1.76832e-06,2.12296e-06
8,4,3.47141e-06,4.16993e-06
9,4,6.88846e-06,8.30562e-06
10,4,1.37212e-05,1.67778e-05
11,4,2.74439e-05,3.29208e-05
12,4,5.49056e-05,6.57799e-05
13,4,0.000109649,0.000132037
14,4,0.000220153,0.000264634
15,4,0.000442325,0.000531347
16,4,0.00088548,0.00106262
17,4,0.00177023,0.00212366
18,4,0.00353808,0.004255
19,4,0.00707417,0.00851241
20,4,0.0141105,0.0170232
