n,lane,seq,simd
5,16,7.68033e-07,6.921e-07
6,16,1.243e-06,4.54517e-07
7,16,2.50946e-06,6.21179e-07
8,16,4.98967e-06,9.14963e-07
9,16,9.80112e-06,1.67573e-06
10,16,1.72308e-05,2.72692e-06
11,16,3.14473e-05,5.12687e-06
12,16,5.92686e-05,1.0167e-05
13,16,0.000115318,1.95713e-05
14,16,0.000228946,3.7934e-05
15,16,0.000441791,7.98218e-05
16,16,0.000854739,0.000173583
17,16,0.00161129,0.000217599
18,16,0.00312788,0.000463424
19,16,0.00609987,0.000789898
20,16,0.0123286,0.0014905
