n,lane,seq,simd
5,8,1.0658e-06,3.03033e-07
6,8,1.55731e-06,3.94655e-07
7,8,2.89646e-06,4.61357e-07
8,8,5.76037e-06,7.20889e-07
9,8,1.2187e-05,1.2475e-06
10,8,2.294e-05,2.47304e-06
11,8,4.4107e-05,4.08363e-06
12,8,8.29077e-05,7.92296e-06
13,8,0.00016321,1.7391e-05
14,8,0.000342803,2.91434e-05
15,8,0.00064873,6.15746e-05
16,8,0.00129701,0.000134484
17,8,0.0025966,0.000248878
18,8,0.00518833,0.000470171
19,8,0.0106365,0.000923667
20,8,0.0207631,0.00186877
