n,lane,seq,simd
5,8,1.0879e-06,3.58367e-07
6,8,2.03803e-06,4.15724e-07
7,8,2.97821e-06,4.55893e-07
8,8,5.931e-06,1.06067e-06
9,8,1.23286e-05,1.53819e-06
10,8,2.07926e-05,1.88956e-06
11,8,4.18288e-05,3.57346e-06
12,8,0.000105423,1.05693e-05
13,8,0.000231464,2.32145e-05
14,8,0.000366117,3.178e-05
15,8,0.000754166,7.07124e-05
