n,lane,seq,simd
5,2,1.19553e-06,6.02467e-07
6,2,1.42345e-06,1.08648e-06
7,2,2.75718e-06,2.09825e-06
8,2,5.46122e-06,4.12585e-06
9,2,1.09163e-05,8.18008e-06
10,2,2.1719e-05,1.6324e-05
11,2,4.3245e-05,3.27475e-05
12,2,8.67425e-05,6.5674e-05
13,2,0.000173193,0.000130339
14,2,0.000347676,0.000263162
15,2,0.000694862,0.000525895
16,2,0.00139206,0.00105331
17,2,0.00278481,0.00210665
18,2,0.00557019,0.00420784
19,2,0.0111389,0.00841793
20,2,0.0222955,0.0168473
