n,lane,seq,simd
5,16,9.87167e-07,3.00967e-07
6,16,9.32414e-07,6.68379e-07
7,16,2.18096e-06,4.6875e-07
8,16,4.3187e-06,6.2463e-07
9,16,8.53612e-06,9.18654e-07
10,16,1.56999e-05,1.61308e-06
11,16,2.79835e-05,2.83008e-06
12,16,5.40308e-05,5.31596e-06
13,16,0.000101464,1.02903e-05
14,16,0.00020005,2.04253e-05
15,16,0.000383291,7.0111e-05
