n,lane,seq,simd
5,16,5.973e-07,6.12767e-07
6,16,9.30724e-07,3.28552e-07
7,16,2.18404e-06,4.74143e-07
8,16,4.34093e-06,6.24926e-07
9,16,8.545e-06,9.22615e-07
10,16,1.55226e-05,1.9898e-06
11,16,2.77253e-05,3.07938e-06
12,16,5.21288e-05,5.31022e-06
13,16,0.000100902,9.92568e-06
14,16,0.000199202,2.02732e-05
15,16,0.000386496,6.22308e-05
16,16,0.00075202,9.93282e-05
17,16,0.00143663,0.000129891
18,16,0.00274052,0.000260666
19,16,0.00526489,0.000458272
20,16,0.0106664,0.000797832
