n,lane,seq,simd
5,4,6.29667e-07,3.60033e-07
6,4,9.11345e-07,6.17345e-07
7,4,1.80364e-06,1.14975e-06
8,4,3.4833e-06,2.20263e-06
9,4,6.97746e-06,4.34581e-06
10,4,1.38536e-05,8.61764e-06
11,4,2.79567e-05,1.71294e-05
12,4,5.52277e-05,3.41813e-05
13,4,0.000110576,6.82255e-05
14,4,0.000221695,0.000136623
15,4,0.000444648,0.000273678
16,4,0.000890434,0.000546638
17,4,0.00177873,0.00109416
18,4,0.00356043,0.00218785
19,4,0.00711565,0.00437549
20,4,0.0142277,0.00875272
