n,lane,seq,simd
5,2,1.08833e-07,1.096e-07
6,2,4.96621e-07,1.72828e-07
7,2,3.00357e-07,3.02321e-07
8,2,5.57037e-07,5.57889e-07
9,2,1.07046e-06,1.06888e-06
10,2,2.093e-06,2.09448e-06
11,2,4.14013e-06,4.13958e-06
12,2,8.23639e-06,8.23722e-06
13,2,1.64274e-05,1.64325e-05
14,2,3.28052e-05,3.3428e-05
15,2,6.62299e-05,6.62348e-05
16,2,0.000131338,0.000131857
17,2,0.00026287,0.000262233
18,2,0.000524235,0.000524718
19,2,0.00104951,0.00105029
20,2,0.00210065,0.00210122
