n,lane,seq,simd
5,8,6.19667e-08,5.99333e-08
6,8,1.21517e-07,8.41379e-08
7,8,2.21107e-07,1.57286e-07
8,8,4.18222e-07,2.55852e-07
9,8,8.13692e-07,4.53308e-07
10,8,1.60912e-06,8.5e-07
11,8,3.19925e-06,1.64546e-06
12,8,6.35835e-06,3.22713e-06
13,8,1.26751e-05,6.26423e-06
14,8,2.3393e-05,1.22462e-05
15,8,4.31549e-05,2.48606e-05
