n,lane,seq,simd
5,8,5.31333e-08,4.46667e-08
6,8,8.85517e-08,6.0069e-08
7,8,1.6e-07,1.16e-07
8,8,3.02481e-07,1.87185e-07
9,8,5.88038e-07,3.29885e-07
10,8,1.1618e-06,6.1676e-07
11,8,2.31196e-06,1.18967e-06
12,8,4.68887e-06,2.33374e-06
13,8,9.15336e-06,4.61577e-06
14,8,1.84576e-05,9.34533e-06
15,8,3.67377e-05,2.04711e-05
16,8,7.79331e-05,4.94808e-05
17,8,0.000142354,8.41918e-05
18,8,0.000286143,0.000156759
19,8,0.000571648,0.000302514
20,8,0.00114002,0.00062183
