n,lane,seq,simd
5,16,5.26333e-08,6.33667e-08
6,16,9.82414e-08,5.75172e-08
7,16,1.72071e-07,9.64286e-08
8,16,3.20185e-07,1.27444e-07
9,16,6.16654e-07,1.89462e-07
10,16,1.212e-06,3.136e-07
11,16,2.40904e-06,5.64917e-07
12,16,4.777e-06,1.05891e-06
13,16,9.51714e-06,2.05132e-06
14,16,1.89377e-05,4.0269e-06
15,16,3.24423e-05,8.81745e-06
