n,lane,seq,simd
5,4,6.65333e-08,6.73333e-08
6,4,8.4931e-08,8.32069e-08
7,4,1.34643e-07,1.26286e-07
8,4,2.00593e-07,1.99407e-07
9,4,3.54769e-07,3.52846e-07
10,4,6.614e-07,6.602e-07
11,4,1.27963e-06,1.27388e-06
12,4,2.51052e-06,2.50361e-06
13,4,4.97073e-06,4.96032e-06
14,4,9.93338e-06,9.87995e-06
15,4,1.97353e-05,1.97122e-05
16,4,3.96758e-05,3.93732e-05
17,4,7.92557e-05,7.87193e-05
18,4,0.000158347,0.000157772
19,4,0.000315211,0.000316205
20,4,0.000633623,0.000630535
