n,lane,seq,simd
5,16,5.47333e-08,5.98e-08
6,16,9.84138e-08,5.78966e-08
7,16,1.72357e-07,9.76786e-08
8,16,3.20296e-07,1.27037e-07
9,16,6.17308e-07,1.89e-07
10,16,1.21364e-06,3.1424e-07
11,16,2.40904e-06,5.6625e-07
12,16,4.77735e-06,1.0597e-06
13,16,9.52555e-06,2.05114e-06
14,16,1.89433e-05,4.02648e-06
15,16,3.18274e-05,9.44295e-06
16,16,6.15927e-05,3.10147e-05
17,16,0.000120348,4.42712e-05
18,16,0.000224563,6.7999e-05
19,16,0.000439733,0.000108785
20,16,0.000871406,0.000235458
