n,lane,seq,simd
5,8,1.6869e-06,1.3901e-06
6,8,2.68121e-06,2.8639e-06
7,8,5.36007e-06,5.49507e-06
8,8,1.06386e-05,1.06164e-05
9,8,2.03453e-05,2.11565e-05
10,8,4.05303e-05,4.22609e-05
11,8,7.59433e-05,7.96102e-05
12,8,0.000152469,0.000160113
13,8,0.000309508,0.000319859
14,8,0.000597831,0.000642199
15,8,0.00122033,0.00146577
