n,lane,seq,simd
5,8,5.1745e-06,4.89327e-06
6,8,3.32786e-06,2.78748e-06
7,8,5.30264e-06,5.76164e-06
8,8,1.02416e-05,1.06397e-05
9,8,2.01348e-05,2.0834e-05
10,8,4.0718e-05,4.19263e-05
11,8,7.76441e-05,7.84895e-05
12,8,0.000153028,0.000160079
13,8,0.000309058,0.000319084
14,8,0.00059751,0.000632336
15,8,0.00119489,0.00125973
16,8,0.00239317,0.00284793
17,8,0.00477012,0.0050538
18,8,0.00953777,0.0101216
19,8,0.0193306,0.0201952
20,8,0.0384369,0.0405695
