n,lane,seq,simd
5,4,1.123e-06,9.958e-07
6,4,1.88752e-06,1.92248e-06
7,4,3.75468e-06,3.80682e-06
8,4,7.46226e-06,7.56289e-06
9,4,1.48197e-05,1.4974e-05
10,4,2.96119e-05,2.99268e-05
11,4,5.92445e-05,5.96373e-05
12,4,0.000118476,0.000119544
13,4,0.000237234,0.000239006
14,4,0.000475383,0.000476902
15,4,0.000947496,0.000954761
16,4,0.00189775,0.00191159
17,4,0.00379459,0.00382453
18,4,0.00758431,0.00764875
19,4,0.0151763,0.0152941
20,4,0.030353,0.0305893
