n,lane,seq,simd
5,16,7.1206e-06,8.2922e-06
6,16,1.6373e-05,1.61214e-05
7,16,3.20016e-05,3.30409e-05
8,16,6.0375e-05,6.56064e-05
9,16,0.000112622,0.000132373
10,16,0.000263154,0.000262655
11,16,0.0005183,0.000524273
12,16,0.000872694,0.00101765
13,16,0.00170229,0.00190199
14,16,0.00320829,0.0034177
15,16,0.00593322,0.00638672
