n,lane,seq,simd
5,16,7.1616e-06,8.33257e-06
6,16,1.63643e-05,1.61271e-05
7,16,3.22218e-05,3.28683e-05
8,16,6.07847e-05,6.54252e-05
9,16,0.000116385,0.000132937
10,16,0.000262048,0.000260407
11,16,0.000519007,0.000496157
12,16,0.000874711,0.000962193
13,16,0.00164097,0.00175263
14,16,0.00315067,0.0033943
15,16,0.00602881,0.00612157
16,16,0.0123146,0.0123239
17,16,0.0236091,0.0243045
18,16,0.0470218,0.0492576
19,16,0.0940632,0.0976784
20,16,0.187348,0.19626
