n,lane,seq,simd
5,2,6.39233e-07,5.67067e-07
6,2,1.00928e-06,1.03103e-06
7,2,2.00107e-06,2.04425e-06
8,2,3.91474e-06,4.04515e-06
9,2,7.83608e-06,7.97604e-06
10,2,1.5496e-05,1.59176e-05
11,2,3.11323e-05,3.19907e-05
12,2,6.25413e-05,6.36313e-05
13,2,0.000123817,0.000127204
14,2,0.000247615,0.000254942
15,2,0.000496184,0.000508825
16,2,0.000992436,0.00101778
17,2,0.00198835,0.00204083
18,2,0.00398186,0.00408459
19,2,0.00796767,0.00817718
20,2,0.0159402,0.0163585
