n,lane,seq,simd
5,8,8.93267e-07,1.00283e-06
6,8,1.12924e-06,1.19338e-06
7,8,2.23039e-06,2.37346e-06
8,8,4.41022e-06,4.58604e-06
9,8,8.19815e-06,8.69923e-06
10,8,1.52886e-05,1.48646e-05
11,8,2.74068e-05,2.92021e-05
12,8,5.85736e-05,7.46066e-05
13,8,0.000142841,0.000148007
14,8,0.000264741,0.000221061
15,8,0.00047329,0.000501536
