n,lane,seq,simd
5,8,9.19e-07,5.036e-07
6,8,8.74586e-07,9.24034e-07
7,8,1.72071e-06,2.069e-06
8,8,3.4583e-06,3.8847e-06
9,8,6.41765e-06,6.78008e-06
10,8,1.36872e-05,1.3834e-05
11,8,2.57857e-05,2.64829e-05
12,8,5.16327e-05,5.33464e-05
13,8,0.000102697,0.000107653
14,8,0.000206351,0.00021444
15,8,0.000400528,0.000425741
16,8,0.000800289,0.000868593
17,8,0.00160498,0.00171993
18,8,0.00320214,0.00342312
19,8,0.00647315,0.00695241
20,8,0.0128139,0.0139161
