n,lane,seq,simd
5,16,4.874e-07,2.809e-07
6,16,4.44552e-07,4.95759e-07
7,16,8.46464e-07,9.3e-07
8,16,1.64693e-06,1.76822e-06
9,16,3.29481e-06,3.42758e-06
10,16,6.7832e-06,6.80828e-06
11,16,1.31318e-05,1.3483e-05
12,16,2.59083e-05,2.69448e-05
13,16,5.22802e-05,5.40141e-05
14,16,0.000104041,0.000107848
15,16,0.000173238,0.000228009
