n,lane,seq,simd
5,16,3.492e-07,5.933e-07
6,16,4.58724e-07,4.82276e-07
7,16,8.41143e-07,9.1825e-07
8,16,1.63337e-06,1.76515e-06
9,16,3.26215e-06,3.42204e-06
10,16,6.44072e-06,6.74804e-06
11,16,1.28913e-05,1.33386e-05
12,16,2.58835e-05,2.68778e-05
13,16,5.17574e-05,5.32751e-05
14,16,0.0001052,0.000106253
15,16,0.0001765,0.000235816
16,16,0.000335124,0.000398988
17,16,0.000651647,0.000727977
18,16,0.00123874,0.00132129
19,16,0.00237524,0.00257694
20,16,0.00468032,0.00504685
