n,lane,seq,simd
5,4,4.077e-07,2.89367e-07
6,4,5.01069e-07,5.15e-07
7,4,9.40929e-07,9.12607e-07
8,4,1.72789e-06,1.77426e-06
9,4,3.40423e-06,3.47038e-06
10,4,6.72128e-06,6.90148e-06
11,4,1.3404e-05,1.36947e-05
12,4,2.68482e-05,2.73252e-05
13,4,5.35825e-05,5.47388e-05
14,4,0.000106863,0.000109451
15,4,0.000213535,0.000220744
16,4,0.000427581,0.000437377
17,4,0.000854769,0.000873807
18,4,0.0017105,0.00174845
19,4,0.00341829,0.00349771
20,4,0.00683707,0.00699618
