n,lane,seq,simd
5,2,7.384e-07,7.02467e-07
6,2,1.32348e-06,1.34672e-06
7,2,2.59925e-06,2.63261e-06
8,2,5.14878e-06,5.19937e-06
9,2,1.02312e-05,1.03467e-05
10,2,2.04789e-05,2.06253e-05
11,2,4.08576e-05,4.11831e-05
12,2,8.16953e-05,8.28123e-05
13,2,0.000163967,0.000165194
14,2,0.000327497,0.000331839
15,2,0.000654738,0.00066427
16,2,0.0013112,0.00132941
17,2,0.00262172,0.00266137
18,2,0.00523856,0.0053214
19,2,0.0104798,0.0106458
20,2,0.0209535,0.0212961
