n,lane,seq,simd
5,8,1.62083e-06,1.61863e-06
6,8,3.71176e-06,3.36748e-06
7,8,6.46132e-06,6.67521e-06
8,8,1.26558e-05,1.25673e-05
9,8,2.42695e-05,2.50787e-05
10,8,4.88722e-05,5.03241e-05
11,8,9.7226e-05,0.000100401
12,8,0.000194185,0.000201048
13,8,0.000391639,0.000400833
14,8,0.000757679,0.000801983
15,8,0.00151225,0.00160372
16,8,0.00302096,0.00353307
17,8,0.0060475,0.00643148
18,8,0.0121062,0.0128257
19,8,0.0244661,0.0256604
20,8,0.0486304,0.0517473
