n,lane,seq,simd
5,8,1.81163e-06,2.55033e-06
6,8,4.24276e-06,4.46048e-06
7,8,8.42121e-06,9.18107e-06
8,8,1.67997e-05,1.81114e-05
9,8,3.37705e-05,3.48597e-05
10,8,6.73549e-05,6.87604e-05
11,8,0.00012372,0.000119863
12,8,0.000218224,0.000210439
13,8,0.000402514,0.000501518
14,8,0.000866845,0.000802462
15,8,0.00158614,0.00182327
