n,lane,seq,simd
5,4,8.75767e-07,5.86833e-07
6,4,1.37086e-06,7.98966e-07
7,4,2.67714e-06,1.53429e-06
8,4,5.28285e-06,3.01344e-06
9,4,1.05003e-05,5.94512e-06
10,4,2.09516e-05,1.1819e-05
11,4,4.19838e-05,2.35666e-05
12,4,8.37327e-05,4.70897e-05
13,4,0.000167475,9.43839e-05
14,4,0.000336343,0.00019141
15,4,0.000675732,0.000380164
16,4,0.00135188,0.000761711
17,4,0.00271089,0.00151705
18,4,0.00542082,0.00304531
19,4,0.0108432,0.00607465
20,4,0.0216922,0.0121528
