n,lane,seq,simd
5,16,2.2532e-06,5.90633e-07
6,16,4.32317e-06,7.47483e-07
7,16,8.57729e-06,1.48079e-06
8,16,1.7063e-05,2.876e-06
9,16,3.36174e-05,6.27104e-06
10,16,6.85833e-05,1.12497e-05
11,16,0.000137245,2.26005e-05
12,16,0.000275027,4.4915e-05
13,16,0.000466419,9.05142e-05
14,16,0.000903213,0.000181241
15,16,0.00175016,0.000319049
