n,lane,seq,simd
5,16,2.48147e-06,5.74633e-07
6,16,4.32814e-06,7.53483e-07
7,16,8.56679e-06,1.47511e-06
8,16,1.77235e-05,2.882e-06
9,16,3.3277e-05,6.30062e-06
10,16,6.85058e-05,1.12673e-05
11,16,0.000142158,2.24419e-05
12,16,0.000273943,4.52189e-05
13,16,0.000471007,9.04055e-05
14,16,0.000908407,0.000180279
15,16,0.00176208,0.000313371
16,16,0.00339816,0.000559515
17,16,0.0063911,0.00122083
18,16,0.0125521,0.00210347
19,16,0.0249196,0.00418752
20,16,0.0494713,0.00836555
