n,lane,seq,simd
5,8,7.66567e-07,3.215e-07
6,8,1.37117e-06,3.06621e-07
7,8,2.71939e-06,4.36643e-07
8,8,5.60781e-06,6.44667e-07
9,8,1.06195e-05,1.165e-06
10,8,2.15166e-05,2.00476e-06
11,8,4.15935e-05,3.88871e-06
12,8,8.39879e-05,7.53352e-06
13,8,0.000164549,1.67189e-05
14,8,0.000324993,3.14635e-05
15,8,0.000649146,6.10054e-05
16,8,0.00129637,0.000137743
17,8,0.00259354,0.000247501
18,8,0.00518533,0.000471048
19,8,0.010537,0.000914741
20,8,0.0208052,0.00190584
