n,lane,seq,simd
5,8,1.45307e-06,7.08467e-07
6,8,1.84945e-06,4.32897e-07
7,8,4.30457e-06,6.81357e-07
8,8,8.95533e-06,8.57926e-07
9,8,1.33914e-05,1.34262e-06
10,8,2.57444e-05,2.67524e-06
11,8,4.69751e-05,4.26529e-06
12,8,9.13493e-05,1.19967e-05
13,8,0.000195058,2.34681e-05
14,8,0.000380214,3.59833e-05
15,8,0.000749657,7.77682e-05
