n,lane,seq,simd
5,2,1.12927e-06,6.02967e-07
6,2,1.40507e-06,1.0929e-06
7,2,2.71946e-06,2.09243e-06
8,2,5.40993e-06,4.11415e-06
9,2,1.07843e-05,8.13727e-06
10,2,2.14631e-05,1.70261e-05
11,2,4.29205e-05,3.24723e-05
12,2,8.5922e-05,6.46236e-05
13,2,0.000173171,0.000129797
14,2,0.000345113,0.000260134
15,2,0.000690018,0.000520908
16,2,0.00138024,0.00104196
17,2,0.00276016,0.00208665
18,2,0.00551796,0.00417188
19,2,0.011036,0.00833851
20,2,0.0220728,0.0166893
