n,lane,seq,simd
5,16,6.776e-07,2.91167e-07
6,16,9.12621e-07,3.32897e-07
7,16,2.15929e-06,4.75464e-07
8,16,4.28419e-06,6.25852e-07
9,16,8.43581e-06,9.14538e-07
10,16,1.56571e-05,2.22488e-06
11,16,2.73015e-05,2.83408e-06
12,16,5.18652e-05,5.33261e-06
13,16,9.95205e-05,1.01955e-05
14,16,0.000196806,2.03765e-05
15,16,0.0003772,6.92225e-05
