n,lane,seq,simd
5,4,5.46233e-07,3.64e-07
6,4,9.26586e-07,6.27138e-07
7,4,1.84375e-06,1.17279e-06
8,4,3.53119e-06,2.25452e-06
9,4,7.35646e-06,4.46419e-06
10,4,1.40259e-05,8.87308e-06
11,4,2.79473e-05,1.76417e-05
12,4,5.596e-05,3.52062e-05
13,4,0.000112065,7.04991e-05
14,4,0.000223884,0.00014082
15,4,0.000449545,0.000281583
16,4,0.000897794,0.000562653
17,4,0.00179736,0.00112568
18,4,0.00359605,0.00225431
19,4,0.00718791,0.00450627
20,4,0.0143755,0.00901227
