n,lane,seq,simd
5,16,7.16767e-07,6.103e-07
6,16,9.03655e-07,3.24103e-07
7,16,2.13725e-06,4.66429e-07
8,16,4.27852e-06,8.62444e-07
9,16,8.36531e-06,9.22231e-07
10,16,1.49129e-05,1.59384e-06
11,16,2.73662e-05,2.8555e-06
12,16,5.2295e-05,5.39217e-06
13,16,9.94647e-05,1.12247e-05
14,16,0.000195796,2.0593e-05
15,16,0.0003853,6.39114e-05
16,16,0.000748774,9.91121e-05
17,16,0.00140823,0.000156302
18,16,0.00269703,0.000241873
19,16,0.00522789,0.000453209
20,16,0.0103679,0.000846746
