n,lane,seq,simd
5,8,9.523e-07,6.21233e-07
6,8,1.10262e-06,1.39203e-06
7,8,2.18146e-06,2.32771e-06
8,8,4.30037e-06,4.93815e-06
9,8,8.36508e-06,8.809e-06
10,8,1.67918e-05,1.7713e-05
11,8,3.35488e-05,3.43263e-05
12,8,6.35736e-05,6.69263e-05
13,8,0.000126917,0.000135611
14,8,0.000260004,0.000271621
15,8,0.000501699,0.000535152
16,8,0.000994469,0.00108107
17,8,0.00198035,0.00215269
18,8,0.00396669,0.00429319
19,8,0.00805789,0.00856504
20,8,0.0158543,0.0174578
