n,lane,seq,simd
5,8,8.36467e-07,8.262e-07
6,8,1.58224e-06,1.48407e-06
7,8,2.75389e-06,2.94546e-06
8,8,5.49219e-06,5.84348e-06
9,8,1.09692e-05,1.15699e-05
10,8,2.21463e-05,2.35583e-05
11,8,3.61472e-05,3.53342e-05
12,8,6.57707e-05,8.73902e-05
13,8,0.000176869,0.000184933
14,8,0.000294361,0.000277594
15,8,0.000580493,0.000598606
