n,lane,seq,simd
5,2,3.94133e-07,3.00567e-07
6,2,5.22034e-07,5.4431e-07
7,2,9.87464e-07,1.033e-06
8,2,1.92122e-06,2.00596e-06
9,2,3.78762e-06,3.95262e-06
10,2,8.20636e-06,7.86372e-06
11,2,1.49883e-05,1.56715e-05
12,2,2.99403e-05,3.15081e-05
13,2,6.02419e-05,6.26668e-05
14,2,0.000120773,0.000125369
15,2,0.000240628,0.000250814
16,2,0.000481906,0.000501789
17,2,0.000963327,0.0010046
18,2,0.00192535,0.00200694
19,2,0.00385091,0.00399877
20,2,0.007701,0.00800147
