n,lane,seq,simd
5,4,4.79467e-07,2.672e-07
6,4,4.75828e-07,4.77e-07
7,4,9.01107e-07,9.12464e-07
8,4,1.74093e-06,1.73296e-06
9,4,3.42946e-06,3.41342e-06
10,4,6.8006e-06,6.75832e-06
11,4,1.35501e-05,1.34807e-05
12,4,2.70425e-05,2.69085e-05
13,4,5.43831e-05,5.52161e-05
14,4,0.000108527,0.000107257
15,4,0.000218699,0.00021523
16,4,0.00043322,0.000430377
17,4,0.00086739,0.000861669
18,4,0.00173355,0.00172296
19,4,0.00346894,0.00346858
20,4,0.00693726,0.00689088
