n,lane,seq,simd
5,16,5.23667e-07,2.37733e-07
6,16,3.84379e-07,4.20276e-07
7,16,7.32571e-07,8.18821e-07
8,16,1.4283e-06,1.5687e-06
9,16,2.83131e-06,3.05415e-06
10,16,5.62996e-06,6.10972e-06
11,16,1.12088e-05,1.31481e-05
12,16,2.23291e-05,2.40488e-05
13,16,4.45601e-05,4.72859e-05
14,16,8.95932e-05,9.48175e-05
15,16,0.000147865,0.000193239
16,16,0.000289517,0.000362649
17,16,0.000557145,0.000661041
18,16,0.00106913,0.00114005
19,16,0.00206077,0.00229952
20,16,0.00404777,0.00450161
