n,lane,seq,simd
5,16,4.124e-07,2.36333e-07
6,16,3.88517e-07,4.21034e-07
7,16,7.31321e-07,8.15714e-07
8,16,1.43022e-06,1.57204e-06
9,16,2.84131e-06,3.04669e-06
10,16,5.8016e-06,6.0344e-06
11,16,1.1374e-05,1.21248e-05
12,16,2.25263e-05,2.38348e-05
13,16,4.50065e-05,4.69632e-05
14,16,8.94792e-05,9.52758e-05
15,16,0.000149883,0.000199541
